ITRGB_001,ttataacg
ITRGB_002,ccacaatg
ITRGB_003,atatacac
ITRGB_004,tgagacct
ITRGB_005,gcacacgc
ITRGB_006,caaaactt
ITRGB_007,tcacagca
ITRGB_008,ctatagta
ITRGB_009,acacatat
ITRGB_010,taaaatcc
ITRGB_011,gtatatgt
ITRGB_012,cgagattc
ITRGB_013,taatcaac
ITRGB_014,gtagcact
ITRGB_015,cgaccagc
ITRGB_016,acaacatt
ITRGB_017,ttagccag
ITRGB_018,ggacccca
ITRGB_019,ccaaccgg
ITRGB_020,aaatccta
ITRGB_021,tgaccgat
ITRGB_022,gcaacgcc
ITRGB_023,caatcggt
ITRGB_024,atagcgtc
ITRGB_025,tcaactaa
ITRGB_026,gaatctcg
ITRGB_027,ctagctga
ITRGB_028,agaccttg
ITRGB_029,ctacgaca
ITRGB_030,tcatgata
ITRGB_031,gtacgcat
ITRGB_032,cgaagccc
ITRGB_033,acatgcgt
ITRGB_034,taaggctc
ITRGB_035,ccatggcg
ITRGB_036,ttacggtg
ITRGB_037,gcatgtac
ITRGB_038,caaggtct
ITRGB_039,atacgtgc
ITRGB_040,tgaagttt
ITRGB_041,caactaat
ITRGB_042,ataatacc
ITRGB_043,tgattagt
ITRGB_044,gcagtatc
ITRGB_045,ctaatcaa
ITRGB_046,agattccg
ITRGB_047,tcagtcga
ITRGB_048,gaactctg
ITRGB_049,cgattgac
ITRGB_050,acagtgct
ITRGB_051,taactggc
ITRGB_052,gtaatgtt
ITRGB_053,ccagttag
ITRGB_054,aaacttca
ITRGB_055,ttaattgg
ITRGB_056,ggatttta
ITRGB_057,ttcaaaac
ITRGB_058,ggctaact
ITRGB_059,cccgaagc
ITRGB_060,aaccaatt
ITRGB_061,tgctacag
ITRGB_062,gccgacca
ITRGB_063,caccacgg
ITRGB_064,atcaacta
ITRGB_065,tccgagat
ITRGB_066,gaccagcc
ITRGB_067,ctcaaggt
ITRGB_068,agctagtc
ITRGB_069,taccataa
ITRGB_070,gtcaatcg
ITRGB_071,cgctatga
ITRGB_072,accgattg
ITRGB_073,gtctcaag
ITRGB_074,cgcgcaca
ITRGB_075,accccagg
ITRGB_076,tacacata
ITRGB_077,ggcgccat
ITRGB_078,aacaccgt
ITRGB_079,gccccgaa
ITRGB_080,cacacgcg
ITRGB_081,atctcgga
ITRGB_082,tgcgcgtg
ITRGB_083,gacactac
ITRGB_084,agcgctgc
ITRGB_085,ctcggaat
ITRGB_086,agccgacc
ITRGB_087,tccagagt
ITRGB_088,gactgatc
ITRGB_089,cgccgcaa
ITRGB_090,accagccg
ITRGB_091,tactgcga
ITRGB_092,gtcggctg
ITRGB_093,cccaggac
ITRGB_094,aactggct
ITRGB_095,ttcggggc
ITRGB_096,ggccggtt
ITRGB_097,cactgtag
ITRGB_098,atcggtca
ITRGB_099,tgccgtgg
ITRGB_100,gccagtta
